Ahmedabad,Gujarat
Agra,Uttar Pradesh
Aurangabad,Maharashtra
Allahabad,Uttar Pradesh
Amritsar,Punjab
Aligarh,Uttar Pradesh
Arwal,Bihar
Amravati,Maharashtra
Asansol,West Bengal
Ajmer,Rajasthan
Akola,Maharashtra
Ahmednagar,Maharashtra
Alappuzha,Kerala
Adoni,Andhra Pradesh
Anantapur,Andhra Pradesh
Aizawl,Mizoram
Anand,Gujarat
Arrah,Bihar
Agartala,Tripura
Amroha,Uttar Pradesh
Alwar,Rajasthan
Adilabad,Andhra Pradesh
Achalpur,Maharashtra
Anantnag,Jammu and Kashmir
Amreli,Gujarat
Azamgarh,Uttar Pradesh
Amalner,Maharashtra
Ambikapur,Chhattisgarh
Anakapalle,Andhra Pradesh
Aruppukkottai,Tamil Nadu
Arakkonam,Tamil Nadu
Akot,Maharashtra
Aurangabad,Bihar
Alipurduar,West Bengal
Ambejogai,Maharashtra
Anjar,Gujarat
Ankleshwar,Gujarat
Ashok Nagar,Madhya Pradesh
Araria,Bihar
Arambagh,West Bengal
Amalapuram,Andhra Pradesh
Anjangaon,Maharashtra
Arsikere,Karnataka
Athni,Karnataka
Arvi,Maharashtra
Akkalkot,Maharashtra
Anugul,Odisha
Amadalavalasa,Andhra Pradesh
Ahmedpur,Maharashtra
Attingal,Kerala
Aroor,Kerala
Ariyalur,TamilNadu
Alandha,Karnataka
Anandapur,Odisha
Ashta,Maharashtra
Anekal,Karnataka
Almora,Uttarakhand
Ausa,Maharashtra
Adoor,Kerala
Amli,Dadra and Nagar Haveli
Ahmedgarh,Punjab
Ankola,Karnataka
Ambad,Maharashtra
Annigeri,Karnataka
Assandh,Haryana
Adra,West Bengal
Ancharakandy,Kerala
Amarpur,Bihar
Asika,Odisha
Akaltara,Chhattisgarh
Areraj,Bihar
Achhnera,Uttar Pradesh
Bhopal,Madhya Pradesh
Belgaum,Karnataka
Bhubaneswar*,Odisha
Bhavnagar,Gujarat
Bokaro Steel City,Jharkhand
Bhagalpur,Bihar
Bilaspur,Chhattisgarh
Bihar Sharif,Bihar
Bankura,West Bengal
Bathinda,Punjab
Bhiwani,Haryana
Bahraich,Uttar Pradesh
Baharampur,West Bengal
Baleshwar,Odisha
Batala,Punjab
Bhimavaram,Andhra Pradesh
Bahadurgarh,Haryana
Bettiah,Bihar
Bongaigaon,Assam
Begusarai,Bihar
Baripada,Odisha
Barnala,Punjab
Bangalore,Karnataka
Bhadrak,Odisha
Bagaha,Bihar
Bageshwar,Uttarakhand
Balangir,Odisha
Buxar,Bihar
Baramula,Jammu and Kashmir
Brajrajnagar,Odisha
Balaghat,Madhya Pradesh
Bodhan,Andhra Pradesh
Bapatla,Andhra Pradesh
Bellampalle,Andhra Pradesh
Bargarh,Odisha
Bhawanipatna,Odisha
Barbil,Odisha
Bhongir,Andhra Pradesh
Bhatapara,Chhattisgarh
Bobbili,Andhra Pradesh
Coimbatore,Tamil Nadu
Chandigarh*,Chandigarh
Cuttack,Odisha
Cuddapah,Andhra Pradesh
Chhapra,Bihar
Chirala,Andhra Pradesh
Chittoor,Andhra Pradesh
Cherthala,Kerala
Chirkunda,Jharkhand
Chinsura,West Bengal
Chirmiri,Chhattisgarh
Chilakaluripet,Andhra Pradesh
Chittur-Thathamangalam,Kerala
Chaibasa,Jharkhand
Chakradharpur,Jharkhand
Changanassery,Kerala
Chalakudy,Kerala
Charkhi Dadri,Haryana
Chatra,Jharkhand
Champa,Chhattisgarh
Chinna salem,Tamil nadu
Chikkodi,Karnataka
Delhi,Delhi
Dombivli,Maharashtra
Dhanbad,Jharkhand
Durg-Bhilai Nagar,Chhattisgarh
Dehradun,Uttarakhand
Davanagere,Karnataka
Dimapur,Nagaland
Dhule,Maharashtra
Darbhanga,Bihar
Dibrugarh,Assam
Dhuri,Punjab
Dehri-on-Sone,Bihar
Deoghar,Jharkhand
Dharmavaram,Andhra Pradesh
Deesa,Gujarat
Dhamtari,Chhattisgarh
Dahod,Gujarat
Dhampur,Uttar Pradesh
Daltonganj,Jharkhand
Dhubri,Assam
Dhenkanal,Orissa
Erode,Tamil Nadu
Eluru,Andhra Pradesh
,
Faridabad,Haryana
Firozpur,Punjab
Faridkot,Punjab
Fazilka,Punjab
Fatehabad,Haryana
Firozpur Cantt.,Punjab
Guwahati,Assam
Gulbarga,Karnataka
Guntur,Andhra Pradesh
Gaya,Bihar
Gurgaon,Haryana
Guruvayoor,Kerala
Guntakal,Andhra Pradesh
Gudivada,Andhra Pradesh
Giridih,Jharkhand
Gokak,Karnataka
Gudur,Andhra Pradesh
Gurdaspur,Punjab
Gobindgarh,Punjab
Gobichettipalayam,Tamil Nadu
Gopalganj,Bihar
Gadwal,Andhra Pradesh
Hyderabad*,Andhra Pradesh
Hisar,Haryana
Haridwar,Uttarakhand
Hapur,Uttar Pradesh
Hugli-Chuchura,West Bengal
Haldwani,Uttarakhand
Hoshiarpur,Punjab
Hazaribag,Jharkhand
Hindupur,Andhra Pradesh
Hajipursscsc,Bihar
Hansi,Haryana
Indore,Madhya Pradesh
Ichalkaranji,Maharashtra
Imphal*,Manipur
Itarsi,Madhya Pradesh
Jamalpur,Bihar
Jagtial,Andhra Pradesh
Jehanabad,Bihar
Jeypur,Odisha
Jharsuguda,Odisha
Jalandhar,Punjab
Jhumri Tilaiya,Jharkhand
Jamui,Bihar
Jajmau,Uttar Pradesh
Jammu,Jammu and Kashmir
Jagraon,Punjab
Jatani,Odisha
Jhargram,West Bengal
Jhansi,Uttar Pradesh
Kolkata,West Bengal
Kanpur,Uttar Pradesh
Kalyan,Maharashtra
Kochi,Kerala
Karnal,Haryana
Kozhikode,Kerala
Kannur,Kerala
Kurnool,Andhra Pradesh
Kollam,Kerala
Kakinada,Andhra Pradesh
Kharagpur,West Bengal
Korba,Chhattisgarh
Karimnagar,Andhra Pradesh
karjat,maharashtra
Khammam,Andhra Pradesh
Katihar,Bihar
Kottayam,Kerala
Karur,Tamil Nadu
Kanhangad,Kerala
Kaithal,Haryana
Kalpi,Uttar Pradesh
Kothagudem,Andhra Pradesh
Khanna,Punjab
Kodungallur,Kerala
Khambhat,Gujarat
Kashipur,Uttarakhand
Kapurthala,Punjab
Kavali,Andhra Pradesh
Kishanganj,Bihar
Kot Kapura,Punjab
Lucknow*,Uttar Pradesh
Ludhiana,Punjab
Latur,Maharashtra
Lakhimpur,Uttar Pradesh
Loni,Uttar Pradesh
Lalitpur,Uttar Pradesh
Lakhisarai,Bihar
Mumbai,Maharashtra
Meerut,Uttar Pradesh
Madurai,Tamil Nadu
Mysore,Karnataka
Mangalore,Karnataka
Mira-Bhayandar,Maharashtra
Malegaon,Maharashtra
Nagpur,Maharashtra
Nashik,Maharashtra
Navi Mumbai,Maharashtra
Nanded-Waghala,Maharashtra
Nellore,Andhra Pradesh
Noida,Uttar Pradesh
Nizamabad,Andhra Pradesh
New Delhi*,Delhi
Navsari,Gujarat
Naihati,West Bengal
Nagercoil,Tamil Nadu
Orai,Uttar Pradesh
Oddanchatram,Tamil Nadu
O' Valley,Tamil Nadu
,
Pune,Maharashtra
Patna*,Bihar
Pondicherry*,Puducherry
Patiala,Punjab
Panipat,Haryana
Parbhani,Maharashtra
Panvel,Maharashtra
Porbandar,Gujarat
Palakkad,Kerala
Purnia,Bihar
Pali,Rajasthan
Phusro,Jharkhand
Pathankot,Punjab
Puri,Odisha
Proddatur,Andhra Pradesh
Panchkula,Haryana
Pollachi,Tamil Nadu
Pilibhit,Uttar Pradesh
Palanpur,Gujarat
Purulia,West Bengal
Patan,Gujarat
Pudukkottai,Tamil Nadu
Phagwara,Punjab
Palwal,Haryana
Port Blair*,Andaman and Nicobar Islands
Panaji*,Goa
Pandharpur,Maharashtra
Parli,Maharashtra
Ponnani,Kerala
Paramakudi,Tamil Nadu
Rajkot,Gujarat
Ratlam,Madhya Pradesh
Ranchi*,Jharkhand
Raipur*,Chhattisgarh
Raurkela,Odisha
Rajahmundry,Andhra Pradesh
Raghunathganj,West Bengal
Rohtak,Haryana
Rampur,Uttar Pradesh
Ranipet,Tamil Nadu
Ramagundam,Andhra Pradesh
Raayachuru,Karnataka
Rewa,Madhya Pradesh
Raiganj,West Bengal
Rae Bareli,Uttar Pradesh
Robertson Pet,Karnataka
Ranaghat,West Bengal
Rajnandgaon,Chhattisgarh
Rajapalayam,Tamil Nadu
Raigarh,Chhattisgarh
Roorkee,Uttarakhand
Ramngarh,Jharkhand
Rajampet,Andhra Pradesh
Rewari,Haryana
Ranibennur,Karnataka
Rudrapur,Uttarakhand
Rajpura,Punjab
Raamanagara,Karnataka
Rishikesh,Uttarakhand
Rayachoti,Andhra Pradesh
Ratnagiri,Maharashtra
Rabakavi Banahatti,Karnataka
Rajkot,Gujarat
Ratlam,Madhya Pradesh
Ranchi*,Jharkhand
Raipur*,Chhattisgarh
Raurkela,Odisha
Rajahmundry,Andhra Pradesh
Raghunathganj,West Bengal
Rohtak,Haryana
Rampur,Uttar Pradesh
Ranipet,Tamil Nadu
Ramagundam,Andhra Pradesh
Raayachuru,Karnataka
Rewa,Madhya Pradesh
Raiganj,West Bengal
Rae Bareli,Uttar Pradesh
Robertson Pet,Karnataka
Ranaghat,West Bengal
Rajnandgaon,Chhattisgarh
Rajapalayam,Tamil Nadu
Raigarh,Chhattisgarh
Roorkee,Uttarakhand
Ramngarh,Jharkhand
Rajampet,Andhra Pradesh
Rewari,Haryana
Ranibennur,Karnataka
Rudrapur,Uttarakhand
Rajpura,Punjab
Raamanagara,Karnataka
Rishikesh,Uttarakhand
Rayachoti,Andhra Pradesh
Ratnagiri,Maharashtra
Rabakavi Banahatti,Karnataka
Surat,Gujarat
Siliguri,West Bengal
Srinagar*,Jammu and Kashmir
Solapur,Maharashtra
Salem,Tamil Nadu
Saharanpur,Uttar Pradesh
Sangli,Maharashtra
Shahjahanpur,Uttar Pradesh
Sagar,Madhya Pradesh
Shivamogga,Karnataka
Shillong*,Meghalaya
Satna,Madhya Pradesh
Sambalpur,Odisha
Sonipat,Haryana
Sikar,Rajasthan
Singrauli,Madhya Pradesh
Silchar,Assam
Sambhal,Uttar Pradesh
Sirsa,Haryana
Sitapur,Uttar Pradesh
Shivpuri,Madhya Pradesh
Shimla*,Himachal Pradesh
Santipur,West Bengal
Sasaram,Bihar
Saharsa,Bihar
Sadulpur,Rajasthan
Sivakasi,Tamil Nadu
Srikakulam,Andhra Pradesh
Siwan,Bihar
Satara,Maharashtra
Sawai Madhopur,Rajasthan
Sultanpur,Uttar Pradesh
Sarni,Madhya Pradesh
Suryapet,Andhra Pradesh
Sehore,Madhya Pradesh
Shamli,Uttar Pradesh
Seoni,Madhya Pradesh
Shrirampur,Maharashtra
Shikohabad,Uttar Pradesh
Sitamarhi,Bihar
Saunda,Jharkhand
Sujangarh,Rajasthan
Sardarshahar,Rajasthan
Sahibganj,Jharkhand
Thane,Maharashtra
Trivandrum,Kerala
Tiruchirappalli,Tamil Nadu
Tiruppur,Tamil Nadu
Tirunelveli,Tamil Nadu
Thoothukudi,Tamil Nadu
Thrissur,Kerala
Tirupati,Andhra Pradesh
Tiruvannamalai,Tamil Nadu
Thumakooru,Karnataka
Thanjavur,Tamil Nadu
Tenali,Andhra Pradesh
Tonk,Rajasthan
Thanesar,Haryana
Tinsukia,Assam
Tezpur,Assam
Tadepalligudem,Andhra Pradesh
Tiruchendur,Tamil Nadu
Tadpatri,Andhra Pradesh
Theni Allinagaram,Tamil Nadu
Tanda,Uttar Pradesh
Tiruchengode,Tamil Nadu
Vadodara,Gujarat
Visakhapatnam,Andhra Pradesh
Varanasi,Uttar Pradesh
Vijayawada,Andhra Pradesh
Vellore,Tamil Nadu
Vizianagaram,Andhra Pradesh
Vasai,Maharashtra
Veraval,Gujarat
Valsad,Gujarat
Vidisha,Madhya Pradesh
Vadakara,Kerala
Virar,Maharashtra
Vaniyambadi,Tamil Nadu
Viluppuram,Tamil Nadu
Valparai,Tamil Nadu
Warangal,Andhra Pradesh
Wadhwan,Gujarat
Wardha,Maharashtra
Washim,Maharashtra