We gave a try to this service provider a few times before. The managers have a very good customer care. I highly recommend willing customers to try.,5
We gave a try to this type of service never before. I must mention the experience on this website. These people are not as good as they publicise. I want to recommend willing customers to try.,1
I think I should write the service experience on this portal. The people here are very cooperative.,4
We have tried this type of service a few times before. The staff put customers on high pedestal. I would never recommend willing customers to try.,4
I want to mention the service review on this website. These people take pride in providing best service.,4
These people don't care about customers. I want to recommend willing people to give them a chance.,1
The people here don't care about customers. I would stongly recommend this service.,4
We gave a try to this type of service never before. The people here put customers on high pedestal. I want to recommend willing people to give them a chance.,4
I am writing the service experience on this website. The workers don't care about customers.,3
The managers give the best possible service. I would recommend this service provider.,4
I want to mention the experience via ConcumerConnect. The staff have a very good customer care.,4
I have experienced this type of service never before. I am sharing the service experience on this portal. These people put customers on high pedestal. I would stongly recommend this service provider.,5
These people are very irritating. I want to recommend people to go here.,2
We gave a try to this service provider a few times before. The staff are very cooperative. I would never recommend this service provider.,1
These people are not as good as they publicise. I want to recommend this service.,5
I gave a try to this type of service a few times before. I feel like sharing the service review on this portal. The workers put customers on high pedestal. I would never recommend this service provider.,1
The managers are not as good as they publicise. I would stongly recommend willing people to give them a chance.,0
We gave a try to this service provider a few times before. I am sharing the experience on this portal. The managers are not as good as they publicise. I highly recommend willing people to give them a chance.,1
The workers are not as good as they publicise. I would recommend willing people to give them a chance.,0
I want to mention the service experience here. The staff are very cooperative.,4
I want to mention the incident on this website. The people here have a very good customer care.,4
I gave a try to this type of service never in the past. The people here have a very good customer care. I highly recommend people to go here.,5
These people have a very good customer care. I would never recommend willing customers to try.,2
I have tried this type of service a few times before. The people here are very irritating. I want to recommend willing customers to try.,2
The staff have a very good customer care. I want to recommend people to go here.,2
The managers are very irritating. I would stongly recommend this service provider.,4
We have tried this type of service a few times in the past. The managers take pride in providing best service. I want to recommend this service provider.,3
I have tried this service provider never before. These people are very cooperative. I would recommend people to go here.,0
We gave a try to this service provider many times before. I feel like sharing the experience via ConcumerConnect. The staff are not as good as they publicise. I would stongly recommend willing people to give them a chance.,3
The people here put customers on high pedestal. I highly recommend this service.,4
We have tried this type of service many times before. The people here are not as good as they publicise. I would never recommend this service provider.,2
I want to mention the incident via ConcumerConnect. The staff put customers on high pedestal.,1
I am sharing the experience on this portal. These people don't care about customers.,3
I want to mention the incident via ConcumerConnect. The workers have a very good customer care.,1
I gave a try to this service provider many times in the past. These people are very irritating. I want to recommend this service provider.,2
We have tried this type of service a few times before. The workers are not as good as they publicise. I would never recommend willing people to give them a chance.,1
We have experienced this service provider many times before. I feel like sharing the experience here. The workers don't care about customers. I would never recommend willing customers to try.,1
I have tried this type of service a few times before. The workers give the best possible service. I would never recommend this service provider.,4
I gave a try to this type of service a few times before. I should share the experience on this portal. The people here take pride in providing best service. I would stongly recommend willing customers to try.,5
We have experienced this service provider a few times before. I am sharing the service experience via ConcumerConnect. The staff put customers on high pedestal. I would stongly recommend people to go here.,1
I have tried this type of service many times in the past. The people here put customers on high pedestal. I would never recommend people to go here.,3
These people have a very good customer care. I would recommend willing customers to try.,3
These people have a very good customer care. I would recommend willing people to give them a chance.,2
I have experienced this service provider never in the past. I am writing the experience via ConcumerConnect. The people here are very irritating. I would recommend this service provider.,4
I have tried this service provider never before. These people take pride in providing best service. I would stongly recommend people to go here.,1
I gave a try to this service provider many times in the past. The managers take pride in providing best service. I would recommend willing customers to try.,2
We have tried this service provider never in the past. I want to mention the service review on this website. The managers take pride in providing best service. I would never recommend willing customers to try.,1
We gave a try to this service provider many times in the past. I am writing the service experience via ConcumerConnect. The managers give the best possible service. I would never recommend willing people to give them a chance.,2
We have experienced this type of service a few times in the past. These people are not as good as they publicise. I would stongly recommend willing people to give them a chance.,0
I have tried this type of service a few times before. I think I should write the experience on this website. The managers are very cooperative. I would never recommend willing people to give them a chance.,5
We have tried this type of service a few times in the past. The people here don't care about customers. I would recommend people to go here.,4
I have tried this service provider a few times before. I feel like sharing the incident on this website. The managers don't care about customers. I would recommend willing people to give them a chance.,2
The people here don't care about customers. I want to recommend this service.,4
I have experienced this type of service never before. The people here have a very good customer care. I would stongly recommend people to go here.,3
I am using this portal to express my opinion about the experience on this portal. The people here have a very good customer care.,0
The staff are not as good as they publicise. I would recommend willing people to give them a chance.,3
We gave a try to this type of service a few times in the past. The people here are very cooperative. I would stongly recommend willing people to give them a chance.,2
The workers put customers on high pedestal. I would never recommend willing people to give them a chance.,3
I gave a try to this service provider never before. The managers take pride in providing best service. I would recommend willing customers to try.,4
We have tried this type of service a few times before. The managers are not as good as they publicise. I highly recommend willing people to give them a chance.,3
I gave a try to this service provider never in the past. These people are very cooperative. I want to recommend people to go here.,1
I have experienced this service provider many times before. These people are not as good as they publicise. I would never recommend willing customers to try.,1
I have experienced this type of service never in the past. The people here give the best possible service. I would stongly recommend people to go here.,0
These people are very cooperative. I want to recommend willing people to give them a chance.,3
I am using this portal to express my opinion about the service experience on this portal. The people here put customers on high pedestal.,0
We gave a try to this service provider never in the past. I am sharing the experience on this portal. The people here are very irritating. I highly recommend willing customers to try.,0
The people here give the best possible service. I would stongly recommend this service provider.,2
The staff have a very good customer care. I want to recommend willing people to give them a chance.,2
I want to mention the service review on this portal. These people are very irritating.,2
We have experienced this type of service a few times before. I feel like sharing the incident here. The staff are very irritating. I would recommend willing customers to try.,4
I am using this portal to express my opinion about the service experience on this website. The people here are very irritating.,2
We have tried this type of service never in the past. The managers put customers on high pedestal. I would recommend this service.,5
We have tried this type of service many times in the past. I am sharing the service review via ConcumerConnect. The workers put customers on high pedestal. I would stongly recommend this service provider.,3
The workers are very irritating. I would recommend this service provider.,1
We have tried this service provider many times before. I should share the service experience on this portal. The managers have a very good customer care. I would recommend willing people to give them a chance.,1
I feel like sharing the experience on this website. The people here put customers on high pedestal.,3
I have tried this service provider never in the past. The workers don't care about customers. I would never recommend this service.,0
The workers are not as good as they publicise. I would recommend willing customers to try.,2
I have experienced this service provider a few times before. I feel like sharing the experience on this website. The people here don't care about customers. I would recommend willing customers to try.,4
We have experienced this service provider a few times before. I think I should write the service review here. The managers take pride in providing best service. I want to recommend people to go here.,1
The workers don't care about customers. I would stongly recommend willing customers to try.,0
I gave a try to this service provider a few times before. The workers put customers on high pedestal. I would never recommend willing people to give them a chance.,5
The people here have a very good customer care. I would never recommend willing customers to try.,1
I have experienced this type of service a few times before. The people here have a very good customer care. I highly recommend willing customers to try.,1
We have experienced this service provider many times in the past. I am using this portal to express my opinion about the service review on this website. The people here are not as good as they publicise. I would never recommend this service.,0
I have experienced this type of service never before. I am writing the experience on this portal. The workers put customers on high pedestal. I would recommend willing customers to try.,1
I am using this portal to express my opinion about the service experience on this portal. These people are not as good as they publicise.,5
I am sharing the service review here. These people have a very good customer care.,0
I should share the service experience here. The workers don't care about customers.,1
I have tried this service provider many times in the past. The people here take pride in providing best service. I would never recommend willing customers to try.,5
These people give the best possible service. I would recommend willing customers to try.,1
I have tried this type of service a few times in the past. The staff are very cooperative. I highly recommend this service provider.,2
I have tried this type of service never before. The workers take pride in providing best service. I would stongly recommend willing people to give them a chance.,4
I have experienced this type of service a few times before. I am using this portal to express my opinion about the service experience on this portal. The staff are very irritating. I would stongly recommend this service.,5
The workers are not as good as they publicise. I would never recommend willing people to give them a chance.,5
We gave a try to this type of service never before. The managers have a very good customer care. I want to recommend willing people to give them a chance.,3
I have experienced this type of service a few times in the past. I should share the service review via ConcumerConnect. The managers put customers on high pedestal. I would never recommend willing customers to try.,2
I have experienced this service provider never before. I think I should write the experience here. These people are very irritating. I would never recommend willing people to give them a chance.,3
We have experienced this service provider never in the past. The workers are not as good as they publicise. I would recommend willing people to give them a chance.,4
I should share the incident on this website. The people here are very irritating.,5
I am using this portal to express my opinion about the service experience on this website. The workers don't care about customers.,5
The workers take pride in providing best service. I would recommend willing customers to try.,3
These people take pride in providing best service. I would never recommend people to go here.,4
I want to mention the incident via ConcumerConnect. The workers take pride in providing best service.,2
The staff have a very good customer care. I want to recommend this service provider.,5
I should share the service review via ConcumerConnect. The managers take pride in providing best service.,2
The people here put customers on high pedestal. I would recommend willing people to give them a chance.,3
I want to mention the service experience via ConcumerConnect. The people here are not as good as they publicise.,1
The staff take pride in providing best service. I want to recommend willing people to give them a chance.,3
The people here put customers on high pedestal. I would recommend people to go here.,4
I should share the experience here. The staff are not as good as they publicise.,1
We gave a try to this service provider many times before. The people here don't care about customers. I would stongly recommend willing customers to try.,3
I gave a try to this type of service never before. I think I should write the incident here. The staff give the best possible service. I would stongly recommend this service.,2
I am sharing the service review here. The people here give the best possible service.,2
I have experienced this type of service many times in the past. I am using this portal to express my opinion about the service review here. These people are very irritating. I would never recommend willing customers to try.,4
We have tried this type of service many times in the past. I want to mention the incident here. The staff put customers on high pedestal. I would never recommend willing customers to try.,0
I should share the experience on this portal. The workers don't care about customers.,1
We gave a try to this service provider never before. The staff are very cooperative. I want to recommend this service.,2
I have tried this type of service never before. The managers are very irritating. I want to recommend people to go here.,5
These people take pride in providing best service. I would recommend willing customers to try.,5
I have experienced this service provider many times in the past. I want to mention the incident on this portal. These people take pride in providing best service. I want to recommend people to go here.,1
The people here are not as good as they publicise. I highly recommend this service.,5
I should share the experience here. These people are very cooperative.,5
I have experienced this type of service many times in the past. I feel like sharing the service experience here. These people put customers on high pedestal. I would recommend this service.,0
The people here have a very good customer care. I would stongly recommend people to go here.,3
The managers have a very good customer care. I would stongly recommend this service.,5
I should share the incident on this portal. The people here are not as good as they publicise.,3
I have experienced this type of service many times before. The managers don't care about customers. I highly recommend people to go here.,5
We have tried this service provider never before. I am using this portal to express my opinion about the incident on this website. The workers give the best possible service. I highly recommend people to go here.,5
I am writing the incident on this portal. These people don't care about customers.,1
I feel like sharing the service review via ConcumerConnect. The managers are not as good as they publicise.,5
I have experienced this service provider a few times in the past. I am writing the service review via ConcumerConnect. The managers give the best possible service. I want to recommend willing people to give them a chance.,1
I have tried this type of service never in the past. The people here put customers on high pedestal. I would never recommend people to go here.,1
The people here have a very good customer care. I highly recommend this service provider.,3
The staff are not as good as they publicise. I want to recommend willing customers to try.,3
We have experienced this type of service many times before. The people here put customers on high pedestal. I highly recommend people to go here.,3
I have tried this service provider never in the past. The workers are very irritating. I want to recommend this service.,5
We have tried this service provider never in the past. I am sharing the experience via ConcumerConnect. The managers are very irritating. I want to recommend people to go here.,2
We gave a try to this type of service never before. I should share the service review via ConcumerConnect. The people here have a very good customer care. I want to recommend willing customers to try.,0
I have experienced this service provider a few times before. I should share the experience on this portal. The workers give the best possible service. I would never recommend this service provider.,1
I have tried this type of service never in the past. I think I should write the service review via ConcumerConnect. The staff don't care about customers. I highly recommend willing customers to try.,5
We have experienced this service provider never before. The workers have a very good customer care. I would never recommend this service.,3
I have tried this type of service never in the past. I must mention the service experience on this portal. The managers take pride in providing best service. I would recommend people to go here.,2
I gave a try to this type of service never before. I must mention the incident via ConcumerConnect. The workers are very irritating. I want to recommend willing customers to try.,4
I have experienced this type of service many times in the past. The workers are very cooperative. I would stongly recommend willing customers to try.,1
These people have a very good customer care. I would recommend this service.,2
I think I should write the experience here. The workers have a very good customer care.,0
I gave a try to this type of service many times before. I want to mention the service experience via ConcumerConnect. These people put customers on high pedestal. I would never recommend people to go here.,5
I gave a try to this service provider never before. These people are very irritating. I would stongly recommend this service.,1
I have tried this service provider a few times in the past. These people are very cooperative. I want to recommend willing customers to try.,1
I feel like sharing the experience on this website. The managers are very cooperative.,5
These people don't care about customers. I want to recommend people to go here.,0
I have experienced this type of service never in the past. These people take pride in providing best service. I would stongly recommend willing people to give them a chance.,4
I want to mention the service experience on this portal. The people here are very cooperative.,2
I am sharing the incident here. The workers don't care about customers.,1
I think I should write the service review on this portal. These people don't care about customers.,3
I must mention the experience on this portal. The staff have a very good customer care.,2
The managers take pride in providing best service. I highly recommend this service provider.,3
We have tried this type of service never in the past. I am writing the incident on this website. The people here put customers on high pedestal. I want to recommend this service provider.,4
We gave a try to this service provider many times before. The people here put customers on high pedestal. I would recommend this service provider.,0
We gave a try to this type of service many times in the past. The people here are very irritating. I would stongly recommend people to go here.,0
The workers give the best possible service. I would recommend this service.,4
I think I should write the service review on this portal. These people give the best possible service.,3
I gave a try to this type of service never in the past. These people have a very good customer care. I highly recommend people to go here.,0
We have experienced this type of service never in the past. The managers take pride in providing best service. I would stongly recommend people to go here.,4
We gave a try to this service provider never in the past. The workers are very cooperative. I want to recommend this service.,3
I feel like sharing the incident on this portal. The workers take pride in providing best service.,1
I have experienced this type of service never before. I am using this portal to express my opinion about the incident on this portal. The managers are not as good as they publicise. I want to recommend willing people to give them a chance.,1
I must mention the experience here. The managers take pride in providing best service.,2
The staff don't care about customers. I highly recommend willing customers to try.,4
The managers have a very good customer care. I would recommend willing people to give them a chance.,4
I feel like sharing the service experience on this website. The managers don't care about customers.,4
I gave a try to this type of service many times before. I am using this portal to express my opinion about the service experience on this portal. These people put customers on high pedestal. I would recommend people to go here.,5
I have experienced this service provider many times in the past. I want to mention the service experience on this portal. The workers are very cooperative. I highly recommend this service provider.,1
We have experienced this service provider a few times before. I feel like sharing the service review here. The managers give the best possible service. I highly recommend willing people to give them a chance.,1
I have experienced this type of service many times before. These people are not as good as they publicise. I would never recommend this service.,5
We gave a try to this service provider never in the past. I am using this portal to express my opinion about the incident via ConcumerConnect. These people put customers on high pedestal. I highly recommend this service.,1
I have experienced this type of service many times before. I am writing the experience here. The staff take pride in providing best service. I would never recommend this service provider.,0
The workers are very cooperative. I want to recommend this service provider.,3
The managers take pride in providing best service. I would stongly recommend this service provider.,0
The staff take pride in providing best service. I would never recommend willing customers to try.,1
I have experienced this type of service many times in the past. I feel like sharing the incident on this portal. The workers put customers on high pedestal. I would never recommend willing customers to try.,1
We have experienced this service provider a few times in the past. The workers are very cooperative. I would stongly recommend willing customers to try.,1
I am writing the experience here. The staff are not as good as they publicise.,2
I think I should write the experience via ConcumerConnect. The people here have a very good customer care.,5
I am writing the service experience on this website. These people are not as good as they publicise.,3
I have tried this service provider never in the past. The managers give the best possible service. I would recommend willing people to give them a chance.,1
I should share the service review via ConcumerConnect. The managers put customers on high pedestal.,3
These people are very cooperative. I would recommend this service provider.,1
These people are very cooperative. I want to recommend this service.,3
I am using this portal to express my opinion about the service experience via ConcumerConnect. The people here are very irritating.,1
The staff give the best possible service. I would never recommend this service.,4
I gave a try to this service provider many times in the past. I am writing the service review via ConcumerConnect. The staff give the best possible service. I would stongly recommend this service.,1
I am using this portal to express my opinion about the service review on this portal. These people are not as good as they publicise.,0
The people here take pride in providing best service. I highly recommend this service provider.,2
These people are very irritating. I would stongly recommend willing people to give them a chance.,5
The workers take pride in providing best service. I would never recommend willing people to give them a chance.,2
I want to mention the incident via ConcumerConnect. These people don't care about customers.,3
The workers put customers on high pedestal. I would recommend people to go here.,3
We have tried this service provider never in the past. I want to mention the incident on this website. The staff don't care about customers. I would stongly recommend this service.,3