Home,Air Duct Cleaning
Home,Animal Removal
Home,Appliance Refinishing
Home,Appliance Repair
Home,Appliance Sales
Home,Architect
Home,Asbestos Removal
Home,Asphalt Driveway
Home,Awnings
Home,Banks
Home,Basement Remodeling
Home,Basement Waterproofing
Home,Bathroom Remodeling
Home,Bathtub Refinishing
Home,Billiard Table Repair
Home,Billiard Table Sales
Home,â€‹Biohazard Cleanup
Home,Blind Cleaning
Home,Buffing & Polishing
Home,Cabinet Refacing
Home,Cable TV Service
Home,Camcorder Repair
Home,Camera Repair
Home,Carpenter
Home,Carpet Cleaners
Home,Carpet Installation
Home,Ceiling Fans
Home,Cell Phone Service
Home,Ceramic Tile
Home,Childproofing
Home,Chimney Caps
Home,Chimney Repair
Home,Chimney Sweep
Home,China Repair
Home,Clock Repair
Home,Closet Systems
Home,Computer Repair
Home,Computer Sales
Home,Computer Training
Home,Concrete Driveway
Home,Concrete Repair
Home,Contractors
Home,Cooking Classes
Home,Countertops
Home,Custom Cabinets
Home,Custom Furniture
Home,Doors
Home,Drain Cleaning
Home,Drain Pipe
Home,Drapery Cleaning
Home,Driveway Gates
Home,Dryer Vent Cleaning
Home,Drywall
Home,Earthquake Retrofitting
Home,Egress Windows
Home,Electrician
Home,Electronic Repair
Home,Energy Audit
Home,Epoxy Flooring
Home,Fireplaces
Home,Firewood
Home,Floor Cleaning
Home,Flooring
Home,Foundation Repair
Home,Furniture Repair
Home,Furniture Sales
Home,Garage Builders
Home,Garage Doors
Home,Garbage Collection
Home,Gas Grill Repair
Home,Gas Leak Repair
Home,Gas Logs
Home,Glass Block
Home,Glass Repair
Home,Graphic Designers
Home,Gutter Cleaning
Home,Gutter Repair
Home,Handyman Service
Home,Hardwood Floor Repair
Home,Hauling Services
Home,Heating & Air Conditioning/HVAC
Home,Holiday Decorators
Home,Home & Garage Organization
Home,Home Automation
Home,Home Builders
Home,Home Improvement Stores
Home,Home Inspection
Home,Home Security Systems
Home,Home Staging
Home,Home Theater Design
Home,House Cleaning
Home,House Painters
Home,Hurricane Shutters
Home,Insulation
Home,Interior Designers
Home,Interior Painters
Home,Internet Service
Home,Kitchen Remodeling
Home,Lamp Repair
Home,Landline Phone Service
Home,Lead Paint Removal
Home,Lighting
Home,Locksmith
Home,Luggage Repair
Home,Mailbox Repair
Home,Marble & Granite
Home,Masonry
Home,Mattresses
Home,Metal Restoration
Home,Mobile Home Remodeling
Home,Mold Removal
Home,Mortgage Broker
Home,Moving Companies
Home,Mudjacking
Home,Muralist
Home,Oriental Rug Cleaning
Home,Outdoor Lighting
Home,Pest Control
Home,Phone Repair
Home,Phone Sales
Home,Phone Wiring
Home,Piano Moving
Home,Piano Tuning
Home,Picture Framing
Home,Plastering
Home,Plumbing
Home,Pressure Washing
Home,Propane Sales
Home,Property Management
Home,Radon Testing
Home,Remodeling
Home,Replacement Windows
Home,Roof Cleaning
Home,Roof Snow Removal
Home,Roofing
Home,RV Sales
Home,Satellite TV Service
Home,Screen Repair
Home,Security Windows
Home,Septic Tank
Home,Sewer Cleaning
Home,Sewing Machine Repair
Home,Sharpening
Home,Siding
Home,Signs
Home,Skylights
Home,Solar Panels
Home,Stamped Concrete
Home,Structural Engineer
Home,Stucco
Home,Sunrooms
Home,Tablepads
Home,Toy Repair
Home,TV Antenna
Home,TV Repair
Home,TV Sales
Home,Upholstery
Home,Upholstery Cleaning
Home,Vacuum Cleaners
Home,VCR Repair
Home,Voice Mail
Home,Wallpaper
Home,Wallpaper Removal
Home,Water Damage Restoration
Home,Water Delivery
Home,Water Heaters
Home,Water Softeners
Home,Web Designers
Home,Welding
Home,Wells
Home,Window Cleaning
Home,Window Tinting
Home,Window Treatments
Home,Woodworking
Home,Wrought Iron
Auto,Auto Body Repair
Auto,Auto Detailing
Auto,Auto Glass
Auto,Auto Painting
Auto,Auto Repair
Auto,Auto Upholstery
Auto,Car Accessories
Auto,Car Alarms
Auto,Car Rentals
Auto,Car Sales
Auto,Car Stereo Installation
Auto,Car Tires
Auto,Car Transport
Auto,Car Washes
Auto,Leather & Vinyl Repair
Auto,Muffler Repair
Auto,Radiator Service
Auto,Towing
Auto,Transmission Repair
Auto,Truck Rentals
Auto,Van Rentals
Auto,Motorcycle Repair
"Weddings, Parties, Entertainment",Alterations
"Weddings, Parties, Entertainment",Bridal Shops
"Weddings, Parties, Entertainment",Cake Decorating
"Weddings, Parties, Entertainment",Calligraphy
"Weddings, Parties, Entertainment",Catering
"Weddings, Parties, Entertainment",Costume Rental
"Weddings, Parties, Entertainment",Equipment Rentals
"Weddings, Parties, Entertainment",Florists
"Weddings, Parties, Entertainment",Limo Services
"Weddings, Parties, Entertainment",Nail Salons
"Weddings, Parties, Entertainment",Party Planning
"Weddings, Parties, Entertainment",Party Rentals
"Weddings, Parties, Entertainment",Personal Chef
"Weddings, Parties, Entertainment",Photographers
"Weddings, Parties, Entertainment",Reception Halls
"Weddings, Parties, Entertainment",Tuxedo Rental
"Weddings, Parties, Entertainment",Video Production
"Weddings, Parties, Entertainment",Video Transfer
"Weddings, Parties, Entertainment",Wedding Planning
"Weddings, Parties, Entertainment",Invitations
"Weddings, Parties, Entertainment",Ticket Brokers
Pet,Dog Fence
Pet,Dog Trainers
Pet,Dog Walkers
Pet,Kennels
Pet,Pet Insurance
Pet,Pet Sitters
Pet,Pooper Scoopers
Pet,Pet Grooming
Outdoor,Basketball Goals
Outdoor,Bicycles
Outdoor,Boat Sales
Outdoor,Deck Cleaning
Outdoor,Decks
Outdoor,Dock Building
Outdoor,Fencing
Outdoor,Fountains
Outdoor,Greenhouses
Outdoor,Irrigation Systems
Outdoor,Lakefront Landscaping
Outdoor,Land Surveyor
Outdoor,Landscaping
Outdoor,Lawn Mower Repair
Outdoor,Lawn Service
Outdoor,Lawn Treatment
Outdoor,Leaf Removal
Outdoor,Misting Systems
Outdoor,Mulch
Outdoor,Playground Equipment
Outdoor,Pool Cleaners
Outdoor,Roto Tilling
Outdoor,Snow Removal
Outdoor,Tree Service
Outdoor,Marinas
Outdoor,Hardscaping
"Physicians, Dentists, other Practitioners",
"Physicians, Dentists, other Practitioners",Acupuncture
"Physicians, Dentists, other Practitioners",Addiction Counseling
"Physicians, Dentists, other Practitioners",Allergist
"Physicians, Dentists, other Practitioners",Alternative Medicine
"Physicians, Dentists, other Practitioners",Ambulance Services
"Physicians, Dentists, other Practitioners",Anesthesiology
"Physicians, Dentists, other Practitioners",Aromatherapy
"Physicians, Dentists, other Practitioners",Audiology
"Physicians, Dentists, other Practitioners",Bariatric Medicine
"Physicians, Dentists, other Practitioners",Breast Surgery
"Physicians, Dentists, other Practitioners",Cardiologist
"Physicians, Dentists, other Practitioners",Chinese Medicine
"Physicians, Dentists, other Practitioners",Chiropractor
"Physicians, Dentists, other Practitioners",Colon Care
"Physicians, Dentists, other Practitioners",Colonic Irrigation
"Physicians, Dentists, other Practitioners",Cosmetic Dentist
"Physicians, Dentists, other Practitioners",Cosmetic Surgery
"Physicians, Dentists, other Practitioners",Day Spa
"Physicians, Dentists, other Practitioners",Dentists
"Physicians, Dentists, other Practitioners",Dentures
"Physicians, Dentists, other Practitioners",Dermatologist
"Physicians, Dentists, other Practitioners",Dieticians
"Physicians, Dentists, other Practitioners",Doulas
"Physicians, Dentists, other Practitioners",Emergency Medicine
"Physicians, Dentists, other Practitioners",Endocrinologist
"Physicians, Dentists, other Practitioners",Endodontics
"Physicians, Dentists, other Practitioners",ENT
"Physicians, Dentists, other Practitioners",Family Counseling
"Physicians, Dentists, other Practitioners",Family Doctor
"Physicians, Dentists, other Practitioners",Fertility Clinic
"Physicians, Dentists, other Practitioners",Fitness Trainer
"Physicians, Dentists, other Practitioners",Foot Doctor
"Physicians, Dentists, other Practitioners",Gastroenterology
"Physicians, Dentists, other Practitioners",Genetic Medicine
"Physicians, Dentists, other Practitioners",Geriatrics
"Physicians, Dentists, other Practitioners",Grief Counseling
"Physicians, Dentists, other Practitioners",Hair Replacement
"Physicians, Dentists, other Practitioners",Hand Doctor
"Physicians, Dentists, other Practitioners",Health Workshops
"Physicians, Dentists, other Practitioners",Heart Surgery
"Physicians, Dentists, other Practitioners",Hepatology
"Physicians, Dentists, other Practitioners",Hip Replacement
"Physicians, Dentists, other Practitioners",Home Elder Care
"Physicians, Dentists, other Practitioners",Home Hospice
"Physicians, Dentists, other Practitioners",Hypnotherapy
"Physicians, Dentists, other Practitioners",Imaging Center
"Physicians, Dentists, other Practitioners",Infectious Disease Doctor
"Physicians, Dentists, other Practitioners",Intensive Care
"Physicians, Dentists, other Practitioners",Internist
"Physicians, Dentists, other Practitioners",Interventional Cardiologist
"Physicians, Dentists, other Practitioners",Kidney Care
"Physicians, Dentists, other Practitioners",Knee Doctor
"Physicians, Dentists, other Practitioners",Laser Skin Treatment
"Physicians, Dentists, other Practitioners",LASIK
"Physicians, Dentists, other Practitioners",Marriage Counseling
"Physicians, Dentists, other Practitioners",Massage Therapy
"Physicians, Dentists, other Practitioners",Midwife
"Physicians, Dentists, other Practitioners",Neurologist
"Physicians, Dentists, other Practitioners",Neurosurgeon
"Physicians, Dentists, other Practitioners",Nurse Practitioners
"Physicians, Dentists, other Practitioners",OB/GYN
"Physicians, Dentists, other Practitioners",Occupational Therapy
"Physicians, Dentists, other Practitioners",Oncology
"Physicians, Dentists, other Practitioners",Ophthalmology
"Physicians, Dentists, other Practitioners",Optometrist
"Physicians, Dentists, other Practitioners",Oral Surgeons
"Physicians, Dentists, other Practitioners",Orthodontist
"Physicians, Dentists, other Practitioners",Orthopedics
"Physicians, Dentists, other Practitioners",Otolaryngology
"Physicians, Dentists, other Practitioners",Pain Management
"Physicians, Dentists, other Practitioners",Pediatric Allergist
"Physicians, Dentists, other Practitioners",Pediatric Cardiologist
"Physicians, Dentists, other Practitioners",Pediatric Dentist
"Physicians, Dentists, other Practitioners",Pediatric Dermatologist
"Physicians, Dentists, other Practitioners",Pediatric Endocrinologist
"Physicians, Dentists, other Practitioners",Pediatric ENT
"Physicians, Dentists, other Practitioners",Pediatric Gastroenterologist
"Physicians, Dentists, other Practitioners",Pediatric Heart Surgeon
"Physicians, Dentists, other Practitioners",Pediatric Kidney Care
"Physicians, Dentists, other Practitioners",Pediatric Neurologist
"Physicians, Dentists, other Practitioners",Pediatric Oncologist
"Physicians, Dentists, other Practitioners",Pediatric Ophthalmologist
"Physicians, Dentists, other Practitioners",Pediatric Optometrist
"Physicians, Dentists, other Practitioners",Pediatric Orthopedics
"Physicians, Dentists, other Practitioners",Pediatric Pulmonologist
"Physicians, Dentists, other Practitioners",Pediatric Radiologist
"Physicians, Dentists, other Practitioners",Pediatric Rheumatologist
"Physicians, Dentists, other Practitioners",Pediatric Sports Medicine
"Physicians, Dentists, other Practitioners",Pediatric Surgeon
"Physicians, Dentists, other Practitioners",Pediatric Thoracic Surgeon
"Physicians, Dentists, other Practitioners",Pediatric Urologist
"Physicians, Dentists, other Practitioners",Pediatrician
"Physicians, Dentists, other Practitioners",Periodontics
"Physicians, Dentists, other Practitioners",Personal Counseling
"Physicians, Dentists, other Practitioners",Physical Medicine
"Physicians, Dentists, other Practitioners",Physical Therapist
"Physicians, Dentists, other Practitioners",Plastic Surgery
"Physicians, Dentists, other Practitioners",Podiatrist
"Physicians, Dentists, other Practitioners",Psychiatrist
"Physicians, Dentists, other Practitioners",Psychologist
"Physicians, Dentists, other Practitioners",Pulmonologist
"Physicians, Dentists, other Practitioners",Reflexology
"Physicians, Dentists, other Practitioners",Rheumatology
"Physicians, Dentists, other Practitioners",Shoulder Doctor
"Physicians, Dentists, other Practitioners",Sleep Medicine
"Physicians, Dentists, other Practitioners",Speech Therapy
"Physicians, Dentists, other Practitioners",Spine Doctor
"Physicians, Dentists, other Practitioners",Sports Medicine
"Physicians, Dentists, other Practitioners",Surgeons
"Physicians, Dentists, other Practitioners",Telemedicine
"Physicians, Dentists, other Practitioners",Thoracic Surgery
"Physicians, Dentists, other Practitioners",TMJ
"Physicians, Dentists, other Practitioners",Transplant Surgery
"Physicians, Dentists, other Practitioners",Travel Medicine
"Physicians, Dentists, other Practitioners",Urologist
"Physicians, Dentists, other Practitioners",Vascular Surgery
"Physicians, Dentists, other Practitioners",Hematologists
"Physicians, Dentists, other Practitioners",Pediatric Hematologist
Medical Facilities,Adult Day Care
Medical Facilities,Alcohol Treatment Centers
Medical Facilities,Assisted Living
Medical Facilities,Blood Banks
Medical Facilities,Blood Labs
Medical Facilities,Childrens Hospital
Medical Facilities,Denture Labs
Medical Facilities,Drug & Alcohol Testing
Medical Facilities,Drug Treatment Centers
Medical Facilities,Family Planning Center
Medical Facilities,Hospice
Medical Facilities,Hospitalist
Medical Facilities,Hospitals
Medical Facilities,Independent Living
Medical Facilities,Nursing Homes
Medical Facilities,Radiology
Medical Facilities,Retail Health Clinics
Medical Facilities,Therapy/Respite Camps
Medical Facilities,Urgent Care Center
Medical Facilities,Vein Treatment
Medical Facilities,Diagnostic Labs
Other,Furs
Other,Accountant
Other,Antiques
Other,Auction Services
Other,Baby Equipment Rental
Other,Buying Services
Other,Child Care
Other,Copies
Other,Dance Classes
Other,Day Care
Other,Delivery Service
Other,Drivers Ed
Other,Dry Cleaning
Other,Dumpster Service
Other,Errand Service
Other,Film Developing
Other,Financial Advisor
Other,Funeral Homes
Other,Genealogy
Other,Gift Shops
Other,Hair Removal 
Other,Hair Salon
Other,Home Child Care
Other,Home Warranty Companies
Other,Insurance Companies
Other,Ironing
Other,Jewelry Appraisal
Other,Jewelry Stores
Other,Mailing Service
Other,Music Lessons
Other,Musical Instrument Repair
Other,Office Equipment Repair
Other,Paper Shredding
Other,Private Investigators
Other,Real Estate Appraisal
Other,Resume Services
Other,Secretarial Services
Other,Shoe Repair
Other,Storage Units
Other,Tanning Salons
Other,Tattoos
Other,Taxi Service
Other,Title Companies
Other,Travel Agency
Other,Trophy Shops
Other,Tutoring
Other,Warranty Companies
Other,Watch Repair
Other,Furs
Other,Real Estate Agents